gene_symbol,protein_name,uniprot_id,organism,target_type,description,function_summary,disease_keywords,chembl_target_id,aliases,pathway,known_drugs,representative_ligands,external_links
PDE10A,"cAMP and cAMP-inhibited cGMP 3',5'-cyclic phosphodiesterase 10A",Q9Y233,Homo sapiens,Phosphodiesterase,"Plays a role in signal transduction by regulating the intracellular concentration of cyclic nucleotides (PubMed:10373451, PubMed:10393245, PubMed:16330539, PubMed:17389385, PubMed:27058447). Can hydrolyze both cAMP and cGMP, but has higher affinity for cAMP and is more efficient with cAMP as substrate (PubMed:10373451, PubMed:10393245, PubMed:17389385, PubMed:27058447). May play a critical role in regulating cAMP and cGMP levels in the striatum, a region of the brain that contributes to the control of movement and cognition (PubMed:27058447)","Plays a role in signal transduction by regulating the intracellular concentration of cyclic nucleotides (PubMed:10373451, PubMed:10393245, PubMed:16330539, PubMed:17389385, PubMed:27058447). Can hydrolyze both cAMP and cGMP, but has higher affinity for cAMP and is more efficient with cAMP as substrate (PubMed:10373451, PubMed:10393245, PubMed:17389385, PubMed:27058447). May play a critical role in regulating cAMP and cGMP levels in the striatum, a region of the brain that contributes to the control of movement and cognition (PubMed:27058447)",schizophrenia;Huntington disease;neurological disease,,PDE10;PDE10A,Cyclic nucleotide signaling; cAMP/cGMP phosphodiesterase regulation,,,UniProt|https://www.uniprot.org/uniprotkb/Q9Y233/entry;RCSB Search|https://www.rcsb.org/search?request=Q9Y233
PDE11A,"Dual 3',5'-cyclic-AMP and -GMP phosphodiesterase 11A",Q9HCR9,Homo sapiens,Phosphodiesterase,"Plays a role in signal transduction by regulating the intracellular concentration of cyclic nucleotides cAMP and cGMP (PubMed:10725373, PubMed:10906126, PubMed:11050148, PubMed:16330539). Catalyzes the hydrolysis of both cAMP and cGMP to 5'-AMP and 5'-GMP, respectively (PubMed:10725373, PubMed:10906126, PubMed:11050148)","Plays a role in signal transduction by regulating the intracellular concentration of cyclic nucleotides cAMP and cGMP (PubMed:10725373, PubMed:10906126, PubMed:11050148, PubMed:16330539). Catalyzes the hydrolysis of both cAMP and cGMP to 5'-AMP and 5'-GMP, respectively (PubMed:10725373, PubMed:10906126, PubMed:11050148)",adrenal disease;endocrine tumor;fertility,,PDE11;PDE11A,Cyclic nucleotide signaling; cAMP/cGMP phosphodiesterase regulation,,,UniProt|https://www.uniprot.org/uniprotkb/Q9HCR9/entry;RCSB Search|https://www.rcsb.org/search?request=Q9HCR9
PDE1A,"Dual specificity calcium/calmodulin-dependent 3',5'-cyclic nucleotide phosphodiesterase 1A",P54750,Homo sapiens,Phosphodiesterase,"Calcium/calmodulin-dependent cyclic nucleotide phosphodiesterase with a dual specificity for the second messengers cGMP and cAMP, which are key regulators of many important physiological processes. Has a higher efficiency with cGMP compared to cAMP","Calcium/calmodulin-dependent cyclic nucleotide phosphodiesterase with a dual specificity for the second messengers cGMP and cAMP, which are key regulators of many important physiological processes. Has a higher efficiency with cGMP compared to cAMP",asthma;neurological disease;cardiovascular disease,,PDE1;PDE1A,Cyclic nucleotide signaling; cAMP/cGMP phosphodiesterase regulation,,,UniProt|https://www.uniprot.org/uniprotkb/P54750/entry;RCSB Search|https://www.rcsb.org/search?request=P54750
PDE1B,"Dual specificity calcium/calmodulin-dependent 3',5'-cyclic nucleotide phosphodiesterase 1B",Q01064,Homo sapiens,Phosphodiesterase,"Cyclic nucleotide phosphodiesterase with a dual specificity for the second messengers cAMP and cGMP, which are key regulators of many important physiological processes (PubMed:15260978, PubMed:8855339, PubMed:9419816). Has a preference for cGMP as a substrate (PubMed:9419816)","Cyclic nucleotide phosphodiesterase with a dual specificity for the second messengers cAMP and cGMP, which are key regulators of many important physiological processes (PubMed:15260978, PubMed:8855339, PubMed:9419816). Has a preference for cGMP as a substrate (PubMed:9419816)",neurological disease;dopamine signaling,,PDE1B;PDE1B1,Cyclic nucleotide signaling; cAMP/cGMP phosphodiesterase regulation,,,UniProt|https://www.uniprot.org/uniprotkb/Q01064/entry;RCSB Search|https://www.rcsb.org/search?request=Q01064
PDE1C,"Dual specificity calcium/calmodulin-dependent 3',5'-cyclic nucleotide phosphodiesterase 1C",Q14123,Homo sapiens,Phosphodiesterase,"Calmodulin-dependent cyclic nucleotide phosphodiesterase with a dual specificity for the second messengers cAMP and cGMP, which are key regulators of many important physiological processes (PubMed:29860631, PubMed:8557689). Has a high affinity for both cAMP and cGMP (PubMed:8557689). Modulates the amplitude and duration of the cAMP signal in sensory cilia in response to odorant stimulation, hence contributing to the generation of action potentials. Regulates smooth muscle cell proliferation. Regulates the stability of growth factor receptors, including PDGFRB (Probable)","Calmodulin-dependent cyclic nucleotide phosphodiesterase with a dual specificity for the second messengers cAMP and cGMP, which are key regulators of many important physiological processes (PubMed:29860631, PubMed:8557689). Has a high affinity for both cAMP and cGMP (PubMed:8557689). Modulates the amplitude and duration of the cAMP signal in sensory cilia in response to odorant stimulation, hence contributing to the generation of action potentials. Regulates smooth muscle cell proliferation. Regulates the stability of growth factor receptors, including PDGFRB (Probable)",cardiovascular disease;asthma,,PDE1C;PDE1C1,Cyclic nucleotide signaling; cAMP/cGMP phosphodiesterase regulation,,,UniProt|https://www.uniprot.org/uniprotkb/Q14123/entry;RCSB Search|https://www.rcsb.org/search?request=Q14123
PDE2A,"cGMP-dependent 3',5'-cyclic phosphodiesterase",O00408,Homo sapiens,Phosphodiesterase,"cGMP-activated cyclic nucleotide phosphodiesterase with a dual-specificity for the second messengers cAMP and cGMP, which are key regulators of many important physiological processes (PubMed:15938621, PubMed:29392776, PubMed:9210593). Has a higher efficiency with cGMP compared to cAMP (PubMed:15938621). Plays a role in cell growth and migration (PubMed:24705027)","cGMP-activated cyclic nucleotide phosphodiesterase with a dual-specificity for the second messengers cAMP and cGMP, which are key regulators of many important physiological processes (PubMed:15938621, PubMed:29392776, PubMed:9210593). Has a higher efficiency with cGMP compared to cAMP (PubMed:15938621). Plays a role in cell growth and migration (PubMed:24705027)",cardiovascular disease;neurological disease,,PDE2;PDE2A,Cyclic nucleotide signaling; cAMP/cGMP phosphodiesterase regulation,,,UniProt|https://www.uniprot.org/uniprotkb/O00408/entry;RCSB Search|https://www.rcsb.org/search?request=O00408
PDE3A,"cGMP-inhibited 3',5'-cyclic phosphodiesterase 3A",Q14432,Homo sapiens,Phosphodiesterase,"Cyclic nucleotide phosphodiesterase with specificity for the second messengers cAMP and cGMP, which are key regulators of many important physiological processes (PubMed:1315035, PubMed:25961942, PubMed:8155697, PubMed:8695850). Also has activity toward cUMP (PubMed:27975297). Independently of its catalytic activity it is part of an E2/17beta-estradiol-induced pro-apoptotic signaling pathway. E2 stabilizes the PDE3A/SLFN12 complex in the cytosol, promoting the dephosphorylation of SLFN12 and activating its pro-apoptotic ribosomal RNA/rRNA ribonuclease activity. This apoptotic pathway might be relevant in tissues with high concentration of E2 and be for instance involved in placenta remodeling (PubMed:31420216, PubMed:34707099)","Cyclic nucleotide phosphodiesterase with specificity for the second messengers cAMP and cGMP, which are key regulators of many important physiological processes (PubMed:1315035, PubMed:25961942, PubMed:8155697, PubMed:8695850). Also has activity toward cUMP (PubMed:27975297). Independently of its catalytic activity it is part of an E2/17beta-estradiol-induced pro-apoptotic signaling pathway. E2 stabilizes the PDE3A/SLFN12 complex in the cytosol, promoting the dephosphorylation of SLFN12 and activating its pro-apoptotic ribosomal RNA/rRNA ribonuclease activity. This apoptotic pathway might be relevant in tissues with high concentration of E2 and be for instance involved in placenta remodeling (PubMed:31420216, PubMed:34707099)",heart failure;platelet aggregation;cardiovascular disease,,CGI-PDE;PDE3A,Cyclic nucleotide signaling; cAMP/cGMP phosphodiesterase regulation,,,UniProt|https://www.uniprot.org/uniprotkb/Q14432/entry;RCSB Search|https://www.rcsb.org/search?request=Q14432
PDE3B,"cGMP-inhibited 3',5'-cyclic phosphodiesterase 3B",Q13370,Homo sapiens,Phosphodiesterase,"Cyclic nucleotide phosphodiesterase with a dual-specificity for the second messengers cAMP and cGMP, which are key regulators of many important physiological process (PubMed:14592490, PubMed:21393242). Regulates angiogenesis by inhibiting the cAMP-dependent guanine nucleotide exchange factor RAPGEF3 and downstream phosphatidylinositol 3-kinase gamma-mediated signaling (PubMed:21393242). Controls cardiac contractility by reducing cAMP concentration in cardiocytes (By similarity)","Cyclic nucleotide phosphodiesterase with a dual-specificity for the second messengers cAMP and cGMP, which are key regulators of many important physiological process (PubMed:14592490, PubMed:21393242). Regulates angiogenesis by inhibiting the cAMP-dependent guanine nucleotide exchange factor RAPGEF3 and downstream phosphatidylinositol 3-kinase gamma-mediated signaling (PubMed:21393242). Controls cardiac contractility by reducing cAMP concentration in cardiocytes (By similarity)",diabetes;obesity;metabolic disease,,HcGIP1;PDE3B,Cyclic nucleotide signaling; cAMP/cGMP phosphodiesterase regulation,,,UniProt|https://www.uniprot.org/uniprotkb/Q13370/entry;RCSB Search|https://www.rcsb.org/search?request=Q13370
PDE4A,"3',5'-cyclic-AMP phosphodiesterase 4A",P27815,Homo sapiens,Phosphodiesterase,"Hydrolyzes the second messenger 3',5'-cyclic AMP (cAMP), which is a key regulator of many important physiological processes","Hydrolyzes the second messenger 3',5'-cyclic AMP (cAMP), which is a key regulator of many important physiological processes",COPD;asthma;inflammation,,DPDE2;PDE4A,Cyclic nucleotide signaling; cAMP/cGMP phosphodiesterase regulation,,,UniProt|https://www.uniprot.org/uniprotkb/P27815/entry;RCSB Search|https://www.rcsb.org/search?request=P27815
PDE4B,"3',5'-cyclic-AMP phosphodiesterase 4B",Q07343,Homo sapiens,Phosphodiesterase,"Hydrolyzes the second messenger cAMP, which is a key regulator of many important physiological processes (PubMed:15260978). May be involved in mediating central nervous system effects of therapeutic agents ranging from antidepressants to antiasthmatic and anti-inflammatory agents","Hydrolyzes the second messenger cAMP, which is a key regulator of many important physiological processes (PubMed:15260978). May be involved in mediating central nervous system effects of therapeutic agents ranging from antidepressants to antiasthmatic and anti-inflammatory agents",COPD;inflammation;depression,,DPDE4;PDE4B,Cyclic nucleotide signaling; cAMP/cGMP phosphodiesterase regulation,,,UniProt|https://www.uniprot.org/uniprotkb/Q07343/entry;RCSB Search|https://www.rcsb.org/search?request=Q07343
PDE4C,"3',5'-cyclic-AMP phosphodiesterase 4C",Q08493,Homo sapiens,Phosphodiesterase,"Hydrolyzes the second messenger cAMP, which is a key regulator of many important physiological processes","Hydrolyzes the second messenger cAMP, which is a key regulator of many important physiological processes",inflammation;respiratory disease,,DPDE1;PDE4C,Cyclic nucleotide signaling; cAMP/cGMP phosphodiesterase regulation,,,UniProt|https://www.uniprot.org/uniprotkb/Q08493/entry;RCSB Search|https://www.rcsb.org/search?request=Q08493
PDE4D,"3',5'-cyclic-AMP phosphodiesterase 4D",Q08499,Homo sapiens,Phosphodiesterase,"Hydrolyzes the second messenger cAMP, which is a key regulator of many important physiological processes","Hydrolyzes the second messenger cAMP, which is a key regulator of many important physiological processes",COPD;asthma;memory;stroke,,DPDE3;PDE4D,Cyclic nucleotide signaling; cAMP/cGMP phosphodiesterase regulation,,,UniProt|https://www.uniprot.org/uniprotkb/Q08499/entry;RCSB Search|https://www.rcsb.org/search?request=Q08499
PDE5A,"cGMP-specific 3',5'-cyclic phosphodiesterase",O76074,Homo sapiens,Phosphodiesterase,"Plays a role in signal transduction by regulating the intracellular concentration of cyclic nucleotides. This phosphodiesterase catalyzes the specific hydrolysis of cGMP to 5'-GMP (PubMed:15489334, PubMed:9714779). Specifically regulates nitric-oxide-generated cGMP (PubMed:15489334)","Plays a role in signal transduction by regulating the intracellular concentration of cyclic nucleotides. This phosphodiesterase catalyzes the specific hydrolysis of cGMP to 5'-GMP (PubMed:15489334, PubMed:9714779). Specifically regulates nitric-oxide-generated cGMP (PubMed:15489334)",pulmonary hypertension;erectile dysfunction;cardiovascular disease,,PDE5;PDE5A,Cyclic nucleotide signaling; cAMP/cGMP phosphodiesterase regulation,,,UniProt|https://www.uniprot.org/uniprotkb/O76074/entry;RCSB Search|https://www.rcsb.org/search?request=O76074
PDE6A,"Rod cGMP-specific 3',5'-cyclic phosphodiesterase subunit alpha",P16499,Homo sapiens,Phosphodiesterase,"Rod-specific cGMP phosphodiesterase that catalyzes the hydrolysis of 3',5'-cyclic GMP (PubMed:20940301). This protein participates in processes of transmission and amplification of the visual signal","Rod-specific cGMP phosphodiesterase that catalyzes the hydrolysis of 3',5'-cyclic GMP (PubMed:20940301). This protein participates in processes of transmission and amplification of the visual signal",retinal degeneration;vision disorder,,PDE6A;PDEA,Cyclic nucleotide signaling; cAMP/cGMP phosphodiesterase regulation,,,UniProt|https://www.uniprot.org/uniprotkb/P16499/entry;RCSB Search|https://www.rcsb.org/search?request=P16499
PDE6B,"Rod cGMP-specific 3',5'-cyclic phosphodiesterase subunit beta",P35913,Homo sapiens,Phosphodiesterase,"Rod-specific cGMP phosphodiesterase that catalyzes the hydrolysis of 3',5'-cyclic GMP (PubMed:20940301). Necessary for the formation of a functional phosphodiesterase holoenzyme (By similarity). Involved in retinal circadian rhythm photoentrainment via modulation of UVA and orange light-induced phase-shift of the retina clock (By similarity). May participate in processes of transmission and amplification of the visual signal (PubMed:8394174)","Rod-specific cGMP phosphodiesterase that catalyzes the hydrolysis of 3',5'-cyclic GMP (PubMed:20940301). Necessary for the formation of a functional phosphodiesterase holoenzyme (By similarity). Involved in retinal circadian rhythm photoentrainment via modulation of UVA and orange light-induced phase-shift of the retina clock (By similarity). May participate in processes of transmission and amplification of the visual signal (PubMed:8394174)",retinitis pigmentosa;vision disorder,,PDE6B;PDEB,Cyclic nucleotide signaling; cAMP/cGMP phosphodiesterase regulation,,,UniProt|https://www.uniprot.org/uniprotkb/P35913/entry;RCSB Search|https://www.rcsb.org/search?request=P35913
PDE6C,"Cone cGMP-specific 3',5'-cyclic phosphodiesterase subunit alpha'",P51160,Homo sapiens,Phosphodiesterase,"As cone-specific cGMP phosphodiesterase, it plays an essential role in light detection and cone phototransduction by rapidly decreasing intracellular levels of cGMP","As cone-specific cGMP phosphodiesterase, it plays an essential role in light detection and cone phototransduction by rapidly decreasing intracellular levels of cGMP",achromatopsia;vision disorder,,PDE6C;PDEC,Cyclic nucleotide signaling; cAMP/cGMP phosphodiesterase regulation,,,UniProt|https://www.uniprot.org/uniprotkb/P51160/entry;RCSB Search|https://www.rcsb.org/search?request=P51160
PDE6D,"Retinal rod rhodopsin-sensitive cGMP 3',5'-cyclic phosphodiesterase subunit delta",O43924,Homo sapiens,Phosphodiesterase regulator,"Promotes the release of prenylated target proteins from cellular membranes (PubMed:9712853). Modulates the activity of prenylated or palmitoylated Ras family members by regulating their subcellular location (PubMed:22002721, PubMed:23698361). Required for normal ciliary targeting of farnesylated target proteins, such as INPP5E (PubMed:24166846). Required for RAB28 localization to the cone cell outer segments in the retina (By similarity). Modulates the subcellular location of target proteins by acting as a GTP specific dissociation inhibitor (GDI) (By similarity). Increases the affinity of ARL3 for GTP by several orders of magnitude. Stabilizes ARL3-GTP by decreasing the nucleotide dissociation rate (By similarity)","Promotes the release of prenylated target proteins from cellular membranes (PubMed:9712853). Modulates the activity of prenylated or palmitoylated Ras family members by regulating their subcellular location (PubMed:22002721, PubMed:23698361). Required for normal ciliary targeting of farnesylated target proteins, such as INPP5E (PubMed:24166846). Required for RAB28 localization to the cone cell outer segments in the retina (By similarity). Modulates the subcellular location of target proteins by acting as a GTP specific dissociation inhibitor (GDI) (By similarity). Increases the affinity of ARL3 for GTP by several orders of magnitude. Stabilizes ARL3-GTP by decreasing the nucleotide dissociation rate (By similarity)",retinal disease;prenylated protein trafficking,,PDE6D;PDED,Cyclic nucleotide signaling; cAMP/cGMP phosphodiesterase regulation,,,UniProt|https://www.uniprot.org/uniprotkb/O43924/entry;RCSB Search|https://www.rcsb.org/search?request=O43924
PDE6G,"Retinal rod rhodopsin-sensitive cGMP 3',5'-cyclic phosphodiesterase subunit gamma",P18545,Homo sapiens,Phosphodiesterase regulator,Participates in processes of transmission and amplification of the visual signal. cGMP-PDEs are the effector molecules in G-protein-mediated phototransduction in vertebrate rods and cones,Participates in processes of transmission and amplification of the visual signal. cGMP-PDEs are the effector molecules in G-protein-mediated phototransduction in vertebrate rods and cones,retinal disease;phototransduction,,PDE6G;PDEG,Cyclic nucleotide signaling; cAMP/cGMP phosphodiesterase regulation,,,UniProt|https://www.uniprot.org/uniprotkb/P18545/entry;RCSB Search|https://www.rcsb.org/search?request=P18545
PDE6H,"Retinal cone rhodopsin-sensitive cGMP 3',5'-cyclic phosphodiesterase subunit gamma",Q13956,Homo sapiens,Phosphodiesterase regulator,Participates in processes of transmission and amplification of the visual signal. cGMP-PDEs are the effector molecules in G-protein-mediated phototransduction in vertebrate rods and cones,Participates in processes of transmission and amplification of the visual signal. cGMP-PDEs are the effector molecules in G-protein-mediated phototransduction in vertebrate rods and cones,retinal disease;phototransduction,,PDE6H,Cyclic nucleotide signaling; cAMP/cGMP phosphodiesterase regulation,,,UniProt|https://www.uniprot.org/uniprotkb/Q13956/entry;RCSB Search|https://www.rcsb.org/search?request=Q13956
PDE7A,"High affinity 3',5'-cyclic-AMP phosphodiesterase 7A",Q13946,Homo sapiens,Phosphodiesterase,"Hydrolyzes the second messenger cAMP, which is a key regulator of many important physiological processes (PubMed:19350606, PubMed:8389765, PubMed:9195912). May have a role in muscle signal transduction (PubMed:9195912)","Hydrolyzes the second messenger cAMP, which is a key regulator of many important physiological processes (PubMed:19350606, PubMed:8389765, PubMed:9195912). May have a role in muscle signal transduction (PubMed:9195912)",inflammation;immune disease,,HCP1;PDE7A,Cyclic nucleotide signaling; cAMP/cGMP phosphodiesterase regulation,,,UniProt|https://www.uniprot.org/uniprotkb/Q13946/entry;RCSB Search|https://www.rcsb.org/search?request=Q13946
PDE7B,"3',5'-cyclic-AMP phosphodiesterase 7B",Q9NP56,Homo sapiens,Phosphodiesterase,"Hydrolyzes the second messenger cAMP, which is a key regulator of many important physiological processes (PubMed:10814504, PubMed:10872825). May be involved in the control of cAMP-mediated neural activity and cAMP metabolism in the brain (PubMed:10814504)","Hydrolyzes the second messenger cAMP, which is a key regulator of many important physiological processes (PubMed:10814504, PubMed:10872825). May be involved in the control of cAMP-mediated neural activity and cAMP metabolism in the brain (PubMed:10814504)",inflammation;neurological disease,,PDE7B,Cyclic nucleotide signaling; cAMP/cGMP phosphodiesterase regulation,,,UniProt|https://www.uniprot.org/uniprotkb/Q9NP56/entry;RCSB Search|https://www.rcsb.org/search?request=Q9NP56
PDE8A,"High affinity cAMP-specific and IBMX-insensitive 3',5'-cyclic phosphodiesterase 8A",O60658,Homo sapiens,Phosphodiesterase,"Hydrolyzes the second messenger cAMP, which is a key regulator of many important physiological processes (PubMed:18983167). May be involved in maintaining basal levels of the cyclic nucleotide and/or in the cAMP regulation of germ cell development (PubMed:18983167). Binding to RAF1 reduces RAF1 'Ser-259' inhibitory-phosphorylation and stimulates RAF1-dependent EGF-activated ERK-signaling (PubMed:23509299). Protects against cell death induced by hydrogen peroxide and staurosporine (PubMed:23509299)","Hydrolyzes the second messenger cAMP, which is a key regulator of many important physiological processes (PubMed:18983167). May be involved in maintaining basal levels of the cyclic nucleotide and/or in the cAMP regulation of germ cell development (PubMed:18983167). Binding to RAF1 reduces RAF1 'Ser-259' inhibitory-phosphorylation and stimulates RAF1-dependent EGF-activated ERK-signaling (PubMed:23509299). Protects against cell death induced by hydrogen peroxide and staurosporine (PubMed:23509299)",endocrine disease;steroidogenesis,,PDE8;PDE8A,Cyclic nucleotide signaling; cAMP/cGMP phosphodiesterase regulation,,,UniProt|https://www.uniprot.org/uniprotkb/O60658/entry;RCSB Search|https://www.rcsb.org/search?request=O60658
PDE8B,"High affinity cAMP-specific and IBMX-insensitive 3',5'-cyclic phosphodiesterase 8B",O95263,Homo sapiens,Phosphodiesterase,"Hydrolyzes the second messenger cAMP, which is a key regulator of many important physiological processes. May be involved in specific signaling in the thyroid gland","Hydrolyzes the second messenger cAMP, which is a key regulator of many important physiological processes. May be involved in specific signaling in the thyroid gland",thyroid disease;adrenal disease,,PDE8B,Cyclic nucleotide signaling; cAMP/cGMP phosphodiesterase regulation,,,UniProt|https://www.uniprot.org/uniprotkb/O95263/entry;RCSB Search|https://www.rcsb.org/search?request=O95263
PDE9A,"High affinity cGMP-specific 3',5'-cyclic phosphodiesterase 9A",O76083,Homo sapiens,Phosphodiesterase,"Specifically hydrolyzes the second messenger cGMP, which is a key regulator of many important physiological processes. Highly specific: compared to other members of the cyclic nucleotide phosphodiesterase family, has the highest affinity and selectivity for cGMP (PubMed:18757755, PubMed:21483814, PubMed:9624146). Specifically regulates natriuretic-peptide-dependent cGMP signaling in heart, acting as a regulator of cardiac hypertrophy in myocytes and muscle. Does not regulate nitric oxide-dependent cGMP in heart (PubMed:25799991). Additional experiments are required to confirm whether its ability to hydrolyze natriuretic-peptide-dependent cGMP is specific to heart or is a general feature of the protein (Probable). In brain, involved in cognitive function, such as learning and long-term memory (By similarity)","Specifically hydrolyzes the second messenger cGMP, which is a key regulator of many important physiological processes. Highly specific: compared to other members of the cyclic nucleotide phosphodiesterase family, has the highest affinity and selectivity for cGMP (PubMed:18757755, PubMed:21483814, PubMed:9624146). Specifically regulates natriuretic-peptide-dependent cGMP signaling in heart, acting as a regulator of cardiac hypertrophy in myocytes and muscle. Does not regulate nitric oxide-dependent cGMP in heart (PubMed:25799991). Additional experiments are required to confirm whether its ability to hydrolyze natriuretic-peptide-dependent cGMP is specific to heart or is a general feature of the protein (Probable). In brain, involved in cognitive function, such as learning and long-term memory (By similarity)",heart failure;neurodegeneration;Alzheimer disease,,PDE9;PDE9A,Cyclic nucleotide signaling; cAMP/cGMP phosphodiesterase regulation,,,UniProt|https://www.uniprot.org/uniprotkb/O76083/entry;RCSB Search|https://www.rcsb.org/search?request=O76083
